"Time (UTCG)","EIRP (dBW)","Rcvd. Frequency (GHz)","Rcvd. Iso. Power (dBW)","Flux Density (dBW/m^2)","g/T (dB/K)","C/No (dB*Hz)","Bandwidth (kHz)","C/N (dB)","Eb/No (dB)","BER"
12 Jun 2022 08:55:54.993,0.100,0.433005,-208.014,-193.828270,7.093146,27.678572,15.000,-14.0823,-12.1441,3.633990e-01
12 Jun 2022 08:56:54.000,0.100,0.433003,-165.692,-151.506313,7.093115,70.000498,15.000,28.2396,30.1778,1.000000e-30
12 Jun 2022 08:57:54.000,0.100,0.433001,-155.906,-141.720472,7.093076,79.786300,15.000,38.0254,39.9636,1.000000e-30
12 Jun 2022 08:58:54.000,0.100,0.432999,-155.105,-140.919058,7.093035,80.587673,15.000,38.8268,40.7650,1.000000e-30
12 Jun 2022 08:59:54.000,0.100,0.432997,-160.024,-145.838841,7.092996,75.667851,15.000,33.9069,35.8451,1.000000e-30
12 Jun 2022 09:00:54.000,0.100,0.432996,-188.082,-173.896625,7.092962,47.610033,15.000,5.8491,7.7873,2.637203e-04
12 Jun 2022 09:01:15.282,0.100,0.432995,-208.098,-193.912877,7.092952,27.593772,15.000,-14.1671,-12.2289,3.646738e-01
12 Jun 2022 10:29:11.173,0.100,0.433010,-208.021,-193.835519,7.093248,27.671425,15.000,-14.0895,-12.1513,3.635069e-01
12 Jun 2022 10:30:11.000,0.100,0.433010,-151.927,-137.741372,7.093245,83.765569,15.000,42.0047,43.9429,1.000000e-30
12 Jun 2022 10:31:11.000,0.100,0.433009,-149.221,-135.035298,7.093236,86.471635,15.000,44.7107,46.6489,1.000000e-30
12 Jun 2022 10:32:11.000,0.100,0.433008,-146.763,-132.577444,7.093219,88.929471,15.000,47.1686,49.1068,1.000000e-30
12 Jun 2022 10:33:11.000,0.100,0.433006,-144.081,-129.895759,7.093177,91.611114,15.000,49.8502,51.7884,1.000000e-30
12 Jun 2022 10:34:11.000,0.100,0.433002,-142.131,-127.945861,7.093082,93.560917,15.000,51.8000,53.7382,1.000000e-30
12 Jun 2022 10:35:11.000,0.100,0.432996,-142.847,-128.661950,7.092964,92.844711,15.000,51.0838,53.0220,1.000000e-30
12 Jun 2022 10:36:11.000,0.100,0.432992,-145.378,-131.192827,7.092901,90.313770,15.000,48.5529,50.4911,1.000000e-30
12 Jun 2022 10:37:11.000,0.100,0.432991,-147.984,-133.798081,7.092875,87.708491,15.000,45.9476,47.8858,1.000000e-30
12 Jun 2022 10:38:11.000,0.100,0.432991,-150.321,-136.135721,7.092865,85.370841,15.000,43.6099,45.5481,1.000000e-30
12 Jun 2022 10:39:11.000,0.100,0.432990,-158.795,-144.609117,7.092860,76.897439,15.000,35.1365,37.0747,1.000000e-30
12 Jun 2022 10:39:45.082,0.100,0.432990,-208.148,-193.963001,7.092859,27.543554,15.000,-14.2174,-12.2792,3.654235e-01
12 Jun 2022 12:05:48.833,0.100,0.433010,-208.089,-193.903503,7.093248,27.603442,15.000,-14.1575,-12.2193,3.645290e-01
12 Jun 2022 12:06:48.000,0.100,0.433010,-152.042,-137.856501,7.093245,83.650441,15.000,41.8895,43.8277,1.000000e-30
12 Jun 2022 12:07:48.000,0.100,0.433009,-149.290,-135.105022,7.093239,86.401914,15.000,44.6410,46.5792,1.000000e-30
12 Jun 2022 12:08:48.000,0.100,0.433009,-146.803,-132.617827,7.093224,88.889094,15.000,47.1282,49.0664,1.000000e-30
12 Jun 2022 12:09:48.000,0.100,0.433007,-143.988,-129.802660,7.093188,91.704224,15.000,49.9433,51.8815,1.000000e-30
12 Jun 2022 12:10:48.000,0.100,0.433002,-141.660,-127.474928,7.093097,94.031866,15.000,52.2710,54.2092,1.000000e-30
12 Jun 2022 12:11:48.000,0.100,0.432996,-142.110,-127.924374,7.092972,93.582294,15.000,51.8214,53.7596,1.000000e-30
12 Jun 2022 12:12:48.000,0.100,0.432993,-144.757,-130.571766,7.092902,90.934832,15.000,49.1739,51.1121,1.000000e-30
12 Jun 2022 12:13:48.000,0.100,0.432991,-147.501,-133.315727,7.092876,88.190845,15.000,46.4299,48.3681,1.000000e-30
12 Jun 2022 12:14:48.000,0.100,0.432991,-149.903,-135.717257,7.092866,85.789306,15.000,44.0284,45.9666,1.000000e-30
12 Jun 2022 12:15:48.000,0.100,0.432990,-154.374,-140.188222,7.092861,81.318335,15.000,39.5574,41.4956,1.000000e-30
12 Jun 2022 12:16:33.249,0.100,0.432990,-208.153,-193.967213,7.092859,27.539343,15.000,-14.2216,-12.2834,3.654862e-01
12 Jun 2022 13:43:29.714,0.100,0.433009,-208.144,-193.958997,7.093233,27.547932,15.000,-14.2130,-12.2748,3.653583e-01
12 Jun 2022 13:44:29.000,0.100,0.433009,-152.655,-138.469167,7.093225,83.037754,15.000,41.2768,43.2150,1.000000e-30
12 Jun 2022 13:45:29.000,0.100,0.433008,-149.826,-135.640597,7.093210,85.866310,15.000,44.1054,46.0436,1.000000e-30
12 Jun 2022 13:46:29.000,0.100,0.433007,-147.940,-133.754996,7.093182,87.751882,15.000,45.9910,47.9292,1.000000e-30
12 Jun 2022 13:47:29.000,0.100,0.433004,-146.313,-132.127771,7.093131,89.379056,15.000,47.6181,49.5563,1.000000e-30
12 Jun 2022 13:48:29.000,0.100,0.433000,-145.545,-131.359263,7.093055,90.147489,15.000,48.3866,50.3248,1.000000e-30
12 Jun 2022 13:49:29.000,0.100,0.432996,-146.130,-131.944125,7.092978,89.562550,15.000,47.8016,49.7398,1.000000e-30
12 Jun 2022 13:50:29.000,0.100,0.432994,-147.677,-133.491992,7.092926,88.014630,15.000,46.2537,48.1919,1.000000e-30
12 Jun 2022 13:51:29.000,0.100,0.432992,-149.545,-135.359528,7.092897,86.147065,15.000,44.3862,46.3244,1.000000e-30
12 Jun 2022 13:52:29.000,0.100,0.432991,-151.835,-137.649991,7.092881,83.856586,15.000,42.0957,44.0339,1.000000e-30
12 Jun 2022 13:53:29.000,0.100,0.432991,-192.819,-178.633111,7.092873,42.873458,15.000,1.1125,3.0507,2.225082e-02
12 Jun 2022 13:53:37.273,0.100,0.432991,-208.147,-193.961551,7.092872,27.545018,15.000,-14.2159,-12.2777,3.654018e-01
12 Jun 2022 15:20:47.464,0.100,0.433009,-208.167,-193.981157,7.093242,27.525781,15.000,-14.2351,-12.2969,3.656880e-01
12 Jun 2022 15:21:47.000,0.100,0.433009,-152.301,-138.115880,7.093238,83.391054,15.000,41.6301,43.5683,1.000000e-30
12 Jun 2022 15:22:47.000,0.100,0.433009,-149.550,-135.364501,7.093227,86.142422,15.000,44.3815,46.3197,1.000000e-30
12 Jun 2022 15:23:47.000,0.100,0.433008,-147.333,-133.147246,7.093206,88.359656,15.000,46.5987,48.5369,1.000000e-30
12 Jun 2022 15:24:47.000,0.100,0.433006,-145.096,-130.910954,7.093162,90.595904,15.000,48.8350,50.7732,1.000000e-30
12 Jun 2022 15:25:47.000,0.100,0.433001,-143.621,-129.435865,7.093078,92.070909,15.000,50.3100,52.2482,1.000000e-30
12 Jun 2022 15:26:47.000,0.100,0.432996,-144.104,-129.919030,7.092979,91.587645,15.000,49.8267,51.7649,1.000000e-30
12 Jun 2022 15:27:47.000,0.100,0.432993,-146.084,-131.898140,7.092916,89.608472,15.000,47.8476,49.7858,1.000000e-30
12 Jun 2022 15:28:47.000,0.100,0.432992,-148.354,-134.168504,7.092886,87.338078,15.000,45.5772,47.5154,1.000000e-30
12 Jun 2022 15:29:47.000,0.100,0.432991,-150.534,-136.348140,7.092873,85.158429,15.000,43.3975,45.3357,1.000000e-30
12 Jun 2022 15:30:47.000,0.100,0.432991,-161.563,-147.377276,7.092867,74.129287,15.000,32.3684,34.3066,1.000000e-30
12 Jun 2022 15:31:17.613,0.100,0.432991,-208.095,-193.909184,7.092865,27.597377,15.000,-14.1635,-12.2253,3.646198e-01
12 Jun 2022 16:57:34.106,0.100,0.433010,-208.168,-193.983016,7.093253,27.523933,15.000,-14.2370,-12.2988,3.657155e-01
12 Jun 2022 16:58:34.000,0.100,0.433010,-151.899,-137.713878,7.093252,83.793070,15.000,42.0322,43.9704,1.000000e-30
12 Jun 2022 16:59:34.000,0.100,0.433010,-149.150,-134.964320,7.093250,86.542626,15.000,44.7817,46.7199,1.000000e-30
12 Jun 2022 17:00:34.000,0.100,0.433009,-146.414,-132.228564,7.093243,89.278375,15.000,47.5175,49.4557,1.000000e-30
12 Jun 2022 17:01:34.000,0.100,0.433008,-142.924,-128.738952,7.093219,92.767964,15.000,51.0071,52.9453,1.000000e-30
12 Jun 2022 17:02:34.000,0.100,0.433004,-139.018,-124.832262,7.093133,96.674568,15.000,54.9137,56.8519,1.000000e-30
12 Jun 2022 17:03:34.000,0.100,0.432995,-139.245,-125.059583,7.092957,96.447070,15.000,54.6862,56.6244,1.000000e-30
12 Jun 2022 17:04:34.000,0.100,0.432992,-143.204,-129.018823,7.092882,92.487756,15.000,50.7268,52.6650,1.000000e-30
12 Jun 2022 17:05:34.000,0.100,0.432991,-146.632,-132.446775,7.092864,89.059785,15.000,47.2989,49.2371,1.000000e-30
12 Jun 2022 17:06:34.000,0.100,0.432990,-149.332,-135.146358,7.092857,86.360196,15.000,44.5993,46.5375,1.000000e-30
12 Jun 2022 17:07:34.000,0.100,0.432990,-152.557,-138.371697,7.092855,83.134854,15.000,41.3739,43.3121,1.000000e-30
12 Jun 2022 17:08:26.483,0.100,0.432990,-208.013,-193.827680,7.092854,27.678870,15.000,-14.0820,-12.1438,3.633945e-01
12 Jun 2022 18:35:02.387,0.100,0.433008,-208.128,-193.942800,7.093204,27.564100,15.000,-14.1968,-12.2586,3.651173e-01
12 Jun 2022 18:36:02.000,0.100,0.433007,-154.725,-140.539393,7.093184,80.967487,15.000,39.2066,41.1448,1.000000e-30
12 Jun 2022 18:37:02.000,0.100,0.433005,-150.786,-136.600078,7.093154,84.906772,15.000,43.1459,45.0841,1.000000e-30
12 Jun 2022 18:38:02.000,0.100,0.433003,-149.771,-135.585432,7.093111,85.921375,15.000,44.1605,46.0987,1.000000e-30
12 Jun 2022 18:39:02.000,0.100,0.433000,-149.331,-135.146034,7.093058,86.360721,15.000,44.5998,46.5380,1.000000e-30
12 Jun 2022 18:40:02.000,0.100,0.432998,-149.569,-135.383557,7.093004,86.123143,15.000,44.3622,46.3004,1.000000e-30
12 Jun 2022 18:41:02.000,0.100,0.432995,-150.424,-136.238395,7.092959,85.268260,15.000,43.5073,45.4455,1.000000e-30
12 Jun 2022 18:42:02.000,0.100,0.432994,-152.615,-138.429664,7.092926,83.076959,15.000,41.3160,43.2542,1.000000e-30
12 Jun 2022 18:43:02.000,0.100,0.432993,-186.172,-171.986624,7.092905,49.519977,15.000,7.7591,9.6973,7.838651e-06
12 Jun 2022 18:43:16.309,0.100,0.432992,-207.985,-193.799504,7.092901,27.707093,15.000,-14.0538,-12.1156,3.629678e-01
13 Jun 2022 09:41:08.079,0.100,0.433009,-208.011,-193.825142,7.093237,27.681791,15.000,-14.0791,-12.1409,3.633504e-01
13 Jun 2022 09:42:08.000,0.100,0.433009,-152.296,-138.110598,7.093229,83.396327,15.000,41.6354,43.5736,1.000000e-30
13 Jun 2022 09:43:08.000,0.100,0.433008,-149.585,-135.400041,7.093214,86.106869,15.000,44.3460,46.2842,1.000000e-30
13 Jun 2022 09:44:08.000,0.100,0.433007,-147.608,-133.423031,7.093184,88.083850,15.000,46.3229,48.2611,1.000000e-30
13 Jun 2022 09:45:08.000,0.100,0.433004,-145.897,-131.712022,7.093130,89.794804,15.000,48.0339,49.9721,1.000000e-30
13 Jun 2022 09:46:08.000,0.100,0.433000,-145.167,-130.981554,7.093048,90.525190,15.000,48.7643,50.7025,1.000000e-30
13 Jun 2022 09:47:08.000,0.100,0.432996,-145.940,-131.754225,7.092968,89.752439,15.000,47.9915,49.9297,1.000000e-30
13 Jun 2022 09:48:08.000,0.100,0.432993,-147.667,-133.481719,7.092916,88.024893,15.000,46.2640,48.2022,1.000000e-30
13 Jun 2022 09:49:08.000,0.100,0.432992,-149.645,-135.459472,7.092889,86.047113,15.000,44.2862,46.2244,1.000000e-30
13 Jun 2022 09:50:08.000,0.100,0.432991,-152.292,-138.106473,7.092875,83.400099,15.000,41.6392,43.5774,1.000000e-30
13 Jun 2022 09:51:08.000,0.100,0.432991,-205.661,-191.475326,7.092869,30.031239,15.000,-11.7297,-9.7915,3.234475e-01
13 Jun 2022 09:51:09.350,0.100,0.432991,-208.146,-193.960329,7.092868,27.546236,15.000,-14.2147,-12.2765,3.653836e-01
13 Jun 2022 11:17:12.457,0.100,0.433010,-208.072,-193.886277,7.093252,27.620671,15.000,-14.1402,-12.2020,3.642706e-01
13 Jun 2022 11:18:12.000,0.100,0.433010,-151.873,-137.687872,7.093250,83.819075,15.000,42.0582,43.9964,1.000000e-30
13 Jun 2022 11:19:12.000,0.100,0.433010,-149.128,-134.943057,7.093247,86.563886,15.000,44.8030,46.7412,1.000000e-30
13 Jun 2022 11:20:12.000,0.100,0.433009,-146.443,-132.257741,7.093238,89.249193,15.000,47.4883,49.4265,1.000000e-30
13 Jun 2022 11:21:12.000,0.100,0.433008,-143.115,-128.929967,7.093210,92.576940,15.000,50.8160,52.7542,1.000000e-30
13 Jun 2022 11:22:12.000,0.100,0.433003,-139.712,-125.526375,7.093120,95.980442,15.000,54.2195,56.1577,1.000000e-30
13 Jun 2022 11:23:12.000,0.100,0.432996,-140.093,-125.907134,7.092961,95.599523,15.000,53.8386,55.7768,1.000000e-30
13 Jun 2022 11:24:12.000,0.100,0.432992,-143.635,-129.449203,7.092888,92.057381,15.000,50.2965,52.2347,1.000000e-30
13 Jun 2022 11:25:12.000,0.100,0.432991,-146.861,-132.676023,7.092867,88.830541,15.000,47.0696,49.0078,1.000000e-30
13 Jun 2022 11:26:12.000,0.100,0.432990,-149.473,-135.287317,7.092859,86.219239,15.000,44.4583,46.3965,1.000000e-30
13 Jun 2022 11:27:12.000,0.100,0.432990,-152.663,-138.477161,7.092857,83.029392,15.000,41.2685,43.2067,1.000000e-30
13 Jun 2022 11:28:05.351,0.100,0.432990,-208.159,-193.973335,7.092856,27.533217,15.000,-14.2277,-12.2895,3.655774e-01
13 Jun 2022 12:54:46.681,0.100,0.433009,-208.140,-193.954181,7.093236,27.552751,15.000,-14.2082,-12.2700,3.652865e-01
13 Jun 2022 12:55:46.000,0.100,0.433009,-152.543,-138.357204,7.093228,83.149720,15.000,41.3888,43.3270,1.000000e-30
13 Jun 2022 12:56:46.000,0.100,0.433008,-149.745,-135.559914,7.093214,85.946996,15.000,44.1861,46.1243,1.000000e-30
13 Jun 2022 12:57:46.000,0.100,0.433007,-147.782,-133.596642,7.093187,87.910242,15.000,46.1493,48.0875,1.000000e-30
13 Jun 2022 12:58:46.000,0.100,0.433004,-146.027,-131.841071,7.093138,89.665763,15.000,47.9049,49.8431,1.000000e-30
13 Jun 2022 12:59:46.000,0.100,0.433001,-145.131,-130.945737,7.093060,90.561019,15.000,48.8001,50.7383,1.000000e-30
13 Jun 2022 13:00:46.000,0.100,0.432996,-145.707,-131.521081,7.092978,89.985593,15.000,48.2247,50.1629,1.000000e-30
13 Jun 2022 13:01:46.000,0.100,0.432994,-147.335,-133.150010,7.092924,88.356610,15.000,46.5957,48.5339,1.000000e-30
13 Jun 2022 13:02:46.000,0.100,0.432992,-149.279,-135.093694,7.092894,86.412896,15.000,44.6520,46.5902,1.000000e-30
13 Jun 2022 13:03:46.000,0.100,0.432991,-151.417,-137.231693,7.092879,84.274882,15.000,42.5140,44.4522,1.000000e-30
13 Jun 2022 13:04:46.000,0.100,0.432991,-182.380,-168.194437,7.092871,53.312130,15.000,11.5512,13.4894,1.168724e-11
13 Jun 2022 13:05:00.103,0.100,0.432991,-208.151,-193.965685,7.092871,27.540882,15.000,-14.2200,-12.2818,3.654633e-01
13 Jun 2022 14:32:15.285,0.100,0.433009,-208.164,-193.978159,7.093238,27.528775,15.000,-14.2321,-12.2939,3.656435e-01
13 Jun 2022 14:33:15.000,0.100,0.433009,-152.449,-138.263302,7.093231,83.243625,15.000,41.4827,43.4209,1.000000e-30
13 Jun 2022 14:34:15.000,0.100,0.433008,-149.688,-135.502416,7.093218,86.004498,15.000,44.2436,46.1818,1.000000e-30
13 Jun 2022 14:35:15.000,0.100,0.433007,-147.644,-133.459044,7.093193,88.047845,15.000,46.2869,48.2251,1.000000e-30
13 Jun 2022 14:36:15.000,0.100,0.433005,-145.743,-131.557402,7.093145,89.949440,15.000,48.1885,50.1267,1.000000e-30
13 Jun 2022 14:37:15.000,0.100,0.433001,-144.681,-130.495961,7.093065,91.010801,15.000,49.2499,51.1881,1.000000e-30
13 Jun 2022 14:38:15.000,0.100,0.432996,-145.225,-131.039824,7.092979,90.466851,15.000,48.7059,50.6441,1.000000e-30
13 Jun 2022 14:39:15.000,0.100,0.432994,-146.944,-132.758847,7.092922,88.747772,15.000,46.9869,48.9251,1.000000e-30
13 Jun 2022 14:40:15.000,0.100,0.432992,-148.979,-134.793455,7.092892,86.713134,15.000,44.9522,46.8904,1.000000e-30
13 Jun 2022 14:41:15.000,0.100,0.432991,-151.052,-136.866677,7.092877,84.639896,15.000,42.8790,44.8172,1.000000e-30
13 Jun 2022 14:42:15.000,0.100,0.432991,-174.179,-159.993799,7.092870,61.512768,15.000,19.7519,21.6901,1.000000e-30
13 Jun 2022 14:42:34.236,0.100,0.432991,-208.107,-193.921356,7.092869,27.585209,15.000,-14.1757,-12.2375,3.648019e-01
13 Jun 2022 16:09:05.851,0.100,0.433010,-208.165,-193.979499,7.093253,27.527450,15.000,-14.2335,-12.2953,3.656632e-01
13 Jun 2022 16:10:05.000,0.100,0.433010,-151.971,-137.785278,7.093252,83.721670,15.000,41.9608,43.8990,1.000000e-30
13 Jun 2022 16:11:05.000,0.100,0.433010,-149.185,-134.999923,7.093250,86.507024,15.000,44.7461,46.6843,1.000000e-30
13 Jun 2022 16:12:05.000,0.100,0.433009,-146.452,-132.266381,7.093244,89.240559,15.000,47.4796,49.4178,1.000000e-30
13 Jun 2022 16:13:05.000,0.100,0.433008,-142.943,-128.757367,7.093222,92.749551,15.000,50.9886,52.9268,1.000000e-30
13 Jun 2022 16:14:05.000,0.100,0.433004,-138.877,-124.691858,7.093140,96.814979,15.000,55.0541,56.9923,1.000000e-30
13 Jun 2022 16:15:05.000,0.100,0.432995,-138.902,-124.716115,7.092959,96.790541,15.000,55.0296,56.9678,1.000000e-30
13 Jun 2022 16:16:05.000,0.100,0.432992,-142.973,-128.787132,7.092882,92.719446,15.000,50.9585,52.8967,1.000000e-30
13 Jun 2022 16:17:05.000,0.100,0.432991,-146.476,-132.290966,7.092863,89.215594,15.000,47.4547,49.3929,1.000000e-30
13 Jun 2022 16:18:05.000,0.100,0.432990,-149.209,-135.024027,7.092857,86.482526,15.000,44.7216,46.6598,1.000000e-30
13 Jun 2022 16:19:05.000,0.100,0.432990,-152.173,-137.987774,7.092855,83.518777,15.000,41.7579,43.6961,1.000000e-30
13 Jun 2022 16:20:00.761,0.100,0.432990,-208.030,-193.844372,7.092854,27.662178,15.000,-14.0987,-12.1605,3.636463e-01
13 Jun 2022 17:46:10.750,0.100,0.433009,-208.142,-193.956158,7.093228,27.550766,15.000,-14.2101,-12.2719,3.653161e-01
13 Jun 2022 17:47:10.000,0.100,0.433008,-152.996,-138.810400,7.093216,82.696513,15.000,40.9356,42.8738,1.000000e-30
13 Jun 2022 17:48:10.000,0.100,0.433007,-150.038,-135.852295,7.093196,85.654597,15.000,43.8937,45.8319,1.000000e-30
13 Jun 2022 17:49:10.000,0.100,0.433005,-148.408,-134.222367,7.093161,87.284490,15.000,45.5236,47.4618,1.000000e-30
13 Jun 2022 17:50:10.000,0.100,0.433003,-147.215,-133.029380,7.093105,88.477421,15.000,46.7165,48.6547,1.000000e-30
13 Jun 2022 17:51:10.000,0.100,0.432999,-146.904,-132.718149,7.093034,88.788581,15.000,47.0277,48.9659,1.000000e-30
13 Jun 2022 17:52:10.000,0.100,0.432996,-147.642,-133.456993,7.092969,88.049672,15.000,46.2888,48.2270,1.000000e-30
13 Jun 2022 17:53:10.000,0.100,0.432994,-149.069,-134.883572,7.092924,86.623049,15.000,44.8621,46.8003,1.000000e-30
13 Jun 2022 17:54:10.000,0.100,0.432992,-150.820,-136.634379,7.092898,84.872215,15.000,43.1113,45.0495,1.000000e-30
13 Jun 2022 17:55:10.000,0.100,0.432992,-163.907,-149.721238,7.092882,71.785341,15.000,30.0244,31.9626,1.000000e-30
13 Jun 2022 17:55:40.083,0.100,0.432991,-207.984,-193.798677,7.092878,27.707897,15.000,-14.0530,-12.1148,3.629556e-01
14 Jun 2022 08:53:19.746,0.100,0.433008,-208.000,-193.815016,7.093219,27.691899,15.000,-14.0690,-12.1308,3.631977e-01
14 Jun 2022 08:54:19.000,0.100,0.433008,-153.315,-139.129779,7.093204,82.377122,15.000,40.6162,42.5544,1.000000e-30
14 Jun 2022 08:55:19.000,0.100,0.433006,-150.208,-136.022167,7.093179,85.484708,15.000,43.7238,45.6620,1.000000e-30
14 Jun 2022 08:56:19.000,0.100,0.433004,-148.825,-134.639683,7.093140,86.867154,15.000,45.1062,47.0444,1.000000e-30
14 Jun 2022 08:57:19.000,0.100,0.433002,-147.973,-133.787069,7.093084,87.719712,15.000,45.9588,47.8970,1.000000e-30
14 Jun 2022 08:58:19.000,0.100,0.432998,-147.942,-133.756755,7.093019,87.749961,15.000,45.9890,47.9272,1.000000e-30
14 Jun 2022 08:59:19.000,0.100,0.432996,-148.748,-134.562090,7.092963,86.944569,15.000,45.1837,47.1219,1.000000e-30
14 Jun 2022 09:00:19.000,0.100,0.432994,-150.101,-135.915597,7.092924,85.591024,15.000,43.8301,45.7683,1.000000e-30
14 Jun 2022 09:01:19.000,0.100,0.432992,-152.557,-138.371479,7.092900,83.135117,15.000,41.3742,43.3124,1.000000e-30
14 Jun 2022 09:02:19.000,0.100,0.432992,-196.806,-182.620289,7.092885,38.886293,15.000,-2.8746,-0.9364,1.020994e-01
14 Jun 2022 09:02:25.633,0.100,0.432992,-208.129,-193.943657,7.092884,27.562924,15.000,-14.1980,-12.2598,3.651348e-01
14 Jun 2022 10:28:42.084,0.100,0.433010,-208.048,-193.862638,7.093253,27.644312,15.000,-14.1166,-12.1784,3.639154e-01
14 Jun 2022 10:29:42.000,0.100,0.433010,-151.774,-137.588237,7.093253,83.918712,15.000,42.1578,44.0960,1.000000e-30
14 Jun 2022 10:30:42.000,0.100,0.433010,-149.035,-134.849706,7.093251,86.657241,15.000,44.8963,46.8345,1.000000e-30
14 Jun 2022 10:31:42.000,0.100,0.433010,-146.247,-132.061713,7.093244,89.445228,15.000,47.6843,49.6225,1.000000e-30
14 Jun 2022 10:32:42.000,0.100,0.433008,-142.630,-128.444926,7.093222,93.061993,15.000,51.3011,53.2393,1.000000e-30
14 Jun 2022 10:33:42.000,0.100,0.433004,-138.451,-124.265401,7.093134,97.241429,15.000,55.4805,57.4187,1.000000e-30
14 Jun 2022 10:34:42.000,0.100,0.432995,-138.859,-124.673153,7.092949,96.833493,15.000,55.0726,57.0108,1.000000e-30
14 Jun 2022 10:35:42.000,0.100,0.432991,-143.100,-128.914427,7.092878,92.592147,15.000,50.8312,52.7694,1.000000e-30
14 Jun 2022 10:36:42.000,0.100,0.432990,-146.601,-132.415940,7.092862,89.090618,15.000,47.3297,49.2679,1.000000e-30
14 Jun 2022 10:37:42.000,0.100,0.432990,-149.318,-135.132898,7.092856,86.373654,15.000,44.6127,46.5509,1.000000e-30
14 Jun 2022 10:38:42.000,0.100,0.432990,-152.309,-138.123759,7.092854,83.382792,15.000,41.6219,43.5601,1.000000e-30
14 Jun 2022 10:39:37.664,0.100,0.432990,-208.158,-193.972410,7.092854,27.534140,15.000,-14.2268,-12.2886,3.655637e-01
14 Jun 2022 12:06:02.874,0.100,0.433009,-208.127,-193.941800,7.093240,27.565137,15.000,-14.1958,-12.2576,3.651018e-01
14 Jun 2022 12:07:02.000,0.100,0.433009,-152.396,-138.210822,7.093234,83.296108,15.000,41.5352,43.4734,1.000000e-30
14 Jun 2022 12:08:02.000,0.100,0.433008,-149.618,-135.433056,7.093221,86.073861,15.000,44.3129,46.2511,1.000000e-30
14 Jun 2022 12:09:02.000,0.100,0.433007,-147.513,-133.327570,7.093198,88.179324,15.000,46.4184,48.3566,1.000000e-30
14 Jun 2022 12:10:02.000,0.100,0.433005,-145.503,-131.317811,7.093150,90.189035,15.000,48.4281,50.3663,1.000000e-30
14 Jun 2022 12:11:02.000,0.100,0.433001,-144.327,-130.141875,7.093068,91.364890,15.000,49.6040,51.5422,1.000000e-30
14 Jun 2022 12:12:02.000,0.100,0.432996,-144.872,-130.686285,7.092978,90.820390,15.000,49.0595,50.9977,1.000000e-30
14 Jun 2022 12:13:02.000,0.100,0.432993,-146.677,-132.491495,7.092920,89.015121,15.000,47.2542,49.1924,1.000000e-30
14 Jun 2022 12:14:02.000,0.100,0.432992,-148.784,-134.598896,7.092890,86.907691,15.000,45.1468,47.0850,1.000000e-30
14 Jun 2022 12:15:02.000,0.100,0.432991,-150.884,-136.698390,7.092876,84.808182,15.000,43.0473,44.9855,1.000000e-30
14 Jun 2022 12:16:02.000,0.100,0.432991,-168.033,-153.847195,7.092869,67.659371,15.000,25.8985,27.8367,1.000000e-30
14 Jun 2022 12:16:26.145,0.100,0.432991,-208.152,-193.966282,7.092867,27.540281,15.000,-14.2206,-12.2824,3.654723e-01
14 Jun 2022 13:43:40.051,0.100,0.433009,-208.159,-193.973736,7.093235,27.533195,15.000,-14.2277,-12.2895,3.655777e-01
14 Jun 2022 13:44:40.000,0.100,0.433009,-152.552,-138.366496,7.093226,83.140426,15.000,41.3795,43.3177,1.000000e-30
14 Jun 2022 13:45:40.000,0.100,0.433008,-149.783,-135.597877,7.093212,85.909031,15.000,44.1481,46.0863,1.000000e-30
14 Jun 2022 13:46:40.000,0.100,0.433007,-147.858,-133.673053,7.093185,87.833828,15.000,46.0729,48.0111,1.000000e-30
14 Jun 2022 13:47:40.000,0.100,0.433004,-146.166,-131.980113,7.093135,89.526717,15.000,47.7658,49.7040,1.000000e-30
14 Jun 2022 13:48:40.000,0.100,0.433000,-145.332,-131.146712,7.093058,90.360042,15.000,48.5991,50.5373,1.000000e-30
14 Jun 2022 13:49:40.000,0.100,0.432996,-145.911,-131.725955,7.092978,89.780719,15.000,48.0198,49.9580,1.000000e-30
14 Jun 2022 13:50:40.000,0.100,0.432994,-147.500,-133.314656,7.092925,88.191965,15.000,46.4311,48.3693,1.000000e-30
14 Jun 2022 13:51:40.000,0.100,0.432992,-149.407,-135.221657,7.092895,86.284934,15.000,44.5240,46.4622,1.000000e-30
14 Jun 2022 13:52:40.000,0.100,0.432991,-151.619,-137.433592,7.092880,84.072985,15.000,42.3121,44.2503,1.000000e-30
14 Jun 2022 13:53:40.000,0.100,0.432991,-188.390,-174.204481,7.092872,47.302087,15.000,5.5412,7.4794,4.104127e-04
14 Jun 2022 13:53:50.623,0.100,0.432991,-208.118,-193.932744,7.092872,27.573825,15.000,-14.1871,-12.2489,3.649721e-01
14 Jun 2022 15:20:38.169,0.100,0.433010,-208.168,-193.982550,7.093250,27.524397,15.000,-14.2365,-12.2983,3.657086e-01
14 Jun 2022 15:21:38.000,0.100,0.433010,-151.995,-137.809396,7.093249,83.697549,15.000,41.9366,43.8748,1.000000e-30
14 Jun 2022 15:22:38.000,0.100,0.433010,-149.255,-135.069973,7.093244,86.436968,15.000,44.6761,46.6143,1.000000e-30
14 Jun 2022 15:23:38.000,0.100,0.433009,-146.655,-132.469808,7.093233,89.037121,15.000,47.2762,49.2144,1.000000e-30
14 Jun 2022 15:24:38.000,0.100,0.433008,-143.529,-129.343529,7.093204,92.163371,15.000,50.4025,52.3407,1.000000e-30
14 Jun 2022 15:25:38.000,0.100,0.433003,-140.512,-126.327024,7.093115,95.179787,15.000,53.4189,55.3571,1.000000e-30
14 Jun 2022 15:26:38.000,0.100,0.432996,-140.777,-126.592024,7.092969,94.914641,15.000,53.1537,55.0919,1.000000e-30
14 Jun 2022 15:27:38.000,0.100,0.432992,-143.926,-129.740508,7.092894,91.766082,15.000,50.0052,51.9434,1.000000e-30
14 Jun 2022 15:28:38.000,0.100,0.432991,-146.992,-132.806839,7.092871,88.699728,15.000,46.9388,48.8770,1.000000e-30
14 Jun 2022 15:29:38.000,0.100,0.432990,-149.546,-135.360567,7.092862,86.145991,15.000,44.3851,46.3233,1.000000e-30
14 Jun 2022 15:30:38.000,0.100,0.432990,-153.089,-138.903158,7.092858,82.603396,15.000,40.8425,42.7807,1.000000e-30
14 Jun 2022 15:31:27.984,0.100,0.432990,-208.047,-193.861362,7.092857,27.645191,15.000,-14.1157,-12.1775,3.639021e-01
14 Jun 2022 16:57:30.514,0.100,0.433009,-208.151,-193.965391,7.093243,27.541548,15.000,-14.2194,-12.2812,3.654534e-01
14 Jun 2022 16:58:30.000,0.100,0.433009,-152.299,-138.114030,7.093237,83.392904,15.000,41.6320,43.5702,1.000000e-30
14 Jun 2022 16:59:30.000,0.100,0.433009,-149.544,-135.358737,7.093225,86.148184,15.000,44.3873,46.3255,1.000000e-30
14 Jun 2022 17:00:30.000,0.100,0.433007,-147.370,-133.184370,7.093201,88.322528,15.000,46.5616,48.4998,1.000000e-30
14 Jun 2022 17:01:30.000,0.100,0.433005,-145.269,-131.083113,7.093153,90.423736,15.000,48.6628,50.6010,1.000000e-30
14 Jun 2022 17:02:30.000,0.100,0.433001,-144.056,-129.870118,7.093066,91.636645,15.000,49.8757,51.8139,1.000000e-30
14 Jun 2022 17:03:30.000,0.100,0.432996,-144.707,-130.521839,7.092972,90.984829,15.000,49.2239,51.1621,1.000000e-30
14 Jun 2022 17:04:30.000,0.100,0.432993,-146.646,-132.460579,7.092913,89.046031,15.000,47.2851,49.2233,1.000000e-30
14 Jun 2022 17:05:30.000,0.100,0.432992,-148.836,-134.650985,7.092885,86.855597,15.000,45.0947,47.0329,1.000000e-30
14 Jun 2022 17:06:30.000,0.100,0.432991,-151.040,-136.854595,7.092871,84.651973,15.000,42.8911,44.8293,1.000000e-30
14 Jun 2022 17:07:30.000,0.100,0.432991,-178.581,-164.396027,7.092866,57.110535,15.000,15.3496,17.2878,2.110330e-25
14 Jun 2022 17:07:45.728,0.100,0.432991,-207.983,-193.797117,7.092865,27.709444,15.000,-14.0515,-12.1133,3.629322e-01
14 Jun 2022 18:37:32.759,0.100,0.433002,-208.064,-193.878683,7.093081,27.628094,15.000,-14.1328,-12.1946,3.641592e-01
14 Jun 2022 18:38:32.000,0.100,0.433000,-200.444,-186.258231,7.093046,35.248510,15.000,-6.5124,-4.5742,2.017948e-01
14 Jun 2022 18:39:13.467,0.100,0.432999,-208.031,-193.845446,7.093021,27.661271,15.000,-14.0996,-12.1614,3.636600e-01
15 Jun 2022 08:05:52.540,0.100,0.433007,-208.011,-193.825449,7.093189,27.681436,15.000,-14.0795,-12.1413,3.633558e-01
15 Jun 2022 08:06:52.000,0.100,0.433006,-156.076,-141.890274,7.093165,79.616587,15.000,37.8557,39.7939,1.000000e-30
15 Jun 2022 08:07:52.000,0.100,0.433004,-151.189,-137.004054,7.093132,84.502774,15.000,42.7419,44.6801,1.000000e-30
15 Jun 2022 08:08:52.000,0.100,0.433002,-150.376,-136.190860,7.093088,85.315925,15.000,43.5550,45.4932,1.000000e-30
15 Jun 2022 08:09:52.000,0.100,0.432999,-150.210,-136.024958,7.093038,85.481776,15.000,43.7209,45.6591,1.000000e-30
15 Jun 2022 08:10:52.000,0.100,0.432997,-150.648,-136.462717,7.092990,85.043970,15.000,43.2831,45.2213,1.000000e-30
15 Jun 2022 08:11:52.000,0.100,0.432995,-152.065,-137.879881,7.092952,83.626767,15.000,41.8659,43.8041,1.000000e-30
15 Jun 2022 08:12:52.000,0.100,0.432994,-166.670,-152.484738,7.092924,69.021882,15.000,27.2610,29.1992,1.000000e-30
15 Jun 2022 08:13:27.475,0.100,0.432993,-208.123,-193.937803,7.092912,27.568805,15.000,-14.1921,-12.2539,3.650470e-01
15 Jun 2022 09:40:19.409,0.100,0.433010,-208.042,-193.856447,7.093252,27.650502,15.000,-14.1104,-12.1722,3.638222e-01
15 Jun 2022 09:41:19.000,0.100,0.433010,-151.828,-137.642699,7.093251,83.864248,15.000,42.1033,44.0415,1.000000e-30
15 Jun 2022 09:42:19.000,0.100,0.433010,-149.087,-134.901408,7.093247,86.605535,15.000,44.8446,46.7828,1.000000e-30
15 Jun 2022 09:43:19.000,0.100,0.433009,-146.384,-132.198599,7.093238,89.308336,15.000,47.5474,49.4856,1.000000e-30
15 Jun 2022 09:44:19.000,0.100,0.433008,-143.038,-128.852457,7.093209,92.654448,15.000,50.8935,52.8317,1.000000e-30
15 Jun 2022 09:45:19.000,0.100,0.433003,-139.688,-125.502362,7.093115,96.004450,15.000,54.2435,56.1817,1.000000e-30
15 Jun 2022 09:46:19.000,0.100,0.432995,-140.239,-126.053487,7.092956,95.453166,15.000,53.6923,55.6305,1.000000e-30
15 Jun 2022 09:47:19.000,0.100,0.432992,-143.794,-129.608416,7.092886,91.898166,15.000,50.1373,52.0755,1.000000e-30
15 Jun 2022 09:48:19.000,0.100,0.432991,-146.996,-132.810209,7.092866,88.696353,15.000,46.9354,48.8736,1.000000e-30
15 Jun 2022 09:49:19.000,0.100,0.432990,-149.594,-135.408275,7.092859,86.098280,15.000,44.3374,46.2756,1.000000e-30
15 Jun 2022 09:50:19.000,0.100,0.432990,-153.164,-138.978743,7.092856,82.527809,15.000,40.7669,42.7051,1.000000e-30
15 Jun 2022 09:51:08.857,0.100,0.432990,-208.147,-193.961935,7.092855,27.544616,15.000,-14.2163,-12.2781,3.654077e-01
15 Jun 2022 11:17:19.968,0.100,0.433010,-208.111,-193.925897,7.093244,27.581044,15.000,-14.1799,-12.2417,3.648642e-01
15 Jun 2022 11:18:19.000,0.100,0.433009,-152.217,-138.031746,7.093240,83.475190,15.000,41.7143,43.6525,1.000000e-30
15 Jun 2022 11:19:19.000,0.100,0.433009,-149.456,-135.270169,7.093230,86.236758,15.000,44.4758,46.4140,1.000000e-30
15 Jun 2022 11:20:19.000,0.100,0.433008,-147.157,-132.971908,7.093211,88.535000,15.000,46.7741,48.7123,1.000000e-30
15 Jun 2022 11:21:19.000,0.100,0.433006,-144.764,-130.578606,7.093169,90.928259,15.000,49.1673,51.1055,1.000000e-30
15 Jun 2022 11:22:19.000,0.100,0.433002,-143.094,-128.909010,7.093082,92.597768,15.000,50.8369,52.7751,1.000000e-30
15 Jun 2022 11:23:19.000,0.100,0.432996,-143.587,-129.401230,7.092977,92.105443,15.000,50.3445,52.2827,1.000000e-30
15 Jun 2022 11:24:19.000,0.100,0.432993,-145.728,-131.542258,7.092912,89.964350,15.000,48.2034,50.1416,1.000000e-30
15 Jun 2022 11:25:19.000,0.100,0.432992,-148.118,-133.932612,7.092883,87.573968,15.000,45.8131,47.7513,1.000000e-30
15 Jun 2022 11:26:19.000,0.100,0.432991,-150.351,-136.165637,7.092870,85.340930,15.000,43.5800,45.5182,1.000000e-30
15 Jun 2022 11:27:19.000,0.100,0.432991,-158.116,-143.930719,7.092865,77.575842,15.000,35.8149,37.7531,1.000000e-30
15 Jun 2022 11:27:55.055,0.100,0.432991,-208.161,-193.975691,7.092863,27.530869,15.000,-14.2300,-12.2918,3.656123e-01
15 Jun 2022 12:55:01.582,0.100,0.433009,-208.164,-193.978158,7.093233,27.528771,15.000,-14.2321,-12.2939,3.656435e-01
15 Jun 2022 12:56:01.000,0.100,0.433009,-152.671,-138.486000,7.093224,83.020921,15.000,41.2600,43.1982,1.000000e-30
15 Jun 2022 12:57:01.000,0.100,0.433008,-149.845,-135.659428,7.093209,85.847478,15.000,44.0866,46.0248,1.000000e-30
15 Jun 2022 12:58:01.000,0.100,0.433006,-147.971,-133.785585,7.093181,87.721293,15.000,45.9604,47.8986,1.000000e-30
15 Jun 2022 12:59:01.000,0.100,0.433004,-146.361,-132.175145,7.093131,89.331682,15.000,47.5708,49.5090,1.000000e-30
15 Jun 2022 13:00:01.000,0.100,0.433000,-145.605,-131.419534,7.093055,90.087217,15.000,48.3263,50.2645,1.000000e-30
15 Jun 2022 13:01:01.000,0.100,0.432996,-146.186,-132.000566,7.092979,89.506109,15.000,47.7452,49.6834,1.000000e-30
15 Jun 2022 13:02:01.000,0.100,0.432994,-147.720,-133.535039,7.092926,87.971583,15.000,46.2107,48.1489,1.000000e-30
15 Jun 2022 13:03:01.000,0.100,0.432992,-149.577,-135.391864,7.092897,86.114729,15.000,44.3538,46.2920,1.000000e-30
15 Jun 2022 13:04:01.000,0.100,0.432991,-151.902,-137.717021,7.092881,83.789557,15.000,42.0286,43.9668,1.000000e-30
15 Jun 2022 13:05:01.000,0.100,0.432991,-194.523,-180.337089,7.092873,41.169480,15.000,-0.5914,1.3468,4.932804e-02
15 Jun 2022 13:05:08.351,0.100,0.432991,-208.139,-193.953288,7.092872,27.553280,15.000,-14.2076,-12.2694,3.652786e-01
15 Jun 2022 14:32:09.819,0.100,0.433010,-208.170,-193.984096,7.093246,27.522847,15.000,-14.2381,-12.2999,3.657316e-01
15 Jun 2022 14:33:09.000,0.100,0.433009,-152.197,-138.011685,7.093243,83.495255,15.000,41.7343,43.6725,1.000000e-30
15 Jun 2022 14:34:09.000,0.100,0.433009,-149.429,-135.243683,7.093235,86.263248,15.000,44.5023,46.4405,1.000000e-30
15 Jun 2022 14:35:09.000,0.100,0.433008,-147.036,-132.851035,7.093219,88.655880,15.000,46.8950,48.8332,1.000000e-30
15 Jun 2022 14:36:09.000,0.100,0.433006,-144.418,-130.232284,7.093181,91.274593,15.000,49.5137,51.4519,1.000000e-30
15 Jun 2022 14:37:09.000,0.100,0.433002,-142.364,-128.179044,7.093094,93.327746,15.000,51.5668,53.5050,1.000000e-30
15 Jun 2022 14:38:09.000,0.100,0.432996,-142.746,-128.560555,7.092977,92.946119,15.000,51.1852,53.1234,1.000000e-30
15 Jun 2022 14:39:09.000,0.100,0.432993,-145.115,-130.929856,7.092908,90.576748,15.000,48.8158,50.7540,1.000000e-30
15 Jun 2022 14:40:09.000,0.100,0.432991,-147.701,-133.515081,7.092880,87.991495,15.000,46.2306,48.1688,1.000000e-30
15 Jun 2022 14:41:09.000,0.100,0.432991,-150.035,-135.849679,7.092868,85.656886,15.000,43.8960,45.8342,1.000000e-30
15 Jun 2022 14:42:09.000,0.100,0.432990,-155.661,-141.475576,7.092863,80.030983,15.000,38.2701,40.2083,1.000000e-30
15 Jun 2022 14:42:49.866,0.100,0.432990,-208.069,-193.883489,7.092861,27.623068,15.000,-14.1378,-12.1996,3.642346e-01
15 Jun 2022 16:08:56.788,0.100,0.433010,-208.155,-193.969459,7.093251,27.537488,15.000,-14.2234,-12.2852,3.655139e-01
15 Jun 2022 16:09:56.000,0.100,0.433010,-152.048,-137.862659,7.093248,83.644286,15.000,41.8834,43.8216,1.000000e-30
15 Jun 2022 16:10:56.000,0.100,0.433009,-149.278,-135.092607,7.093243,86.414332,15.000,44.6534,46.5916,1.000000e-30
15 Jun 2022 16:11:56.000,0.100,0.433009,-146.714,-132.528939,7.093230,88.977987,15.000,47.2171,49.1553,1.000000e-30
15 Jun 2022 16:12:56.000,0.100,0.433007,-143.717,-129.531920,7.093196,91.974973,15.000,50.2141,52.1523,1.000000e-30
15 Jun 2022 16:13:56.000,0.100,0.433003,-141.060,-126.874771,7.093105,94.632030,15.000,52.8711,54.8093,1.000000e-30
15 Jun 2022 16:14:56.000,0.100,0.432996,-141.505,-127.319382,7.092967,94.187282,15.000,52.4264,54.3646,1.000000e-30
15 Jun 2022 16:15:56.000,0.100,0.432992,-144.428,-130.242674,7.092896,91.263918,15.000,49.5030,51.4412,1.000000e-30
15 Jun 2022 16:16:56.000,0.100,0.432991,-147.337,-133.151088,7.092871,88.355479,15.000,46.5946,48.5328,1.000000e-30
15 Jun 2022 16:17:56.000,0.100,0.432990,-149.822,-135.636128,7.092862,85.870431,15.000,44.1095,46.0477,1.000000e-30
15 Jun 2022 16:18:56.000,0.100,0.432990,-154.876,-140.690191,7.092858,80.816363,15.000,39.0555,40.9937,1.000000e-30
15 Jun 2022 16:19:38.066,0.100,0.432990,-208.001,-193.815424,7.092857,27.691129,15.000,-14.0698,-12.1316,3.632093e-01
15 Jun 2022 17:47:01.277,0.100,0.433006,-208.113,-193.927305,7.093170,27.579562,15.000,-14.1814,-12.2432,3.648863e-01
15 Jun 2022 17:48:01.000,0.100,0.433005,-159.743,-145.557843,7.093142,75.948995,15.000,34.1881,36.1263,1.000000e-30
15 Jun 2022 17:49:01.000,0.100,0.433003,-152.493,-138.307782,7.093105,83.199020,15.000,41.4381,43.3763,1.000000e-30
15 Jun 2022 17:50:01.000,0.100,0.433001,-151.523,-137.337631,7.093062,84.169127,15.000,42.4082,44.3464,1.000000e-30
15 Jun 2022 17:51:01.000,0.100,0.432998,-151.781,-137.595368,7.093017,83.911345,15.000,42.1504,44.0886,1.000000e-30
15 Jun 2022 17:52:01.000,0.100,0.432996,-154.358,-140.172503,7.092977,81.334171,15.000,39.5733,41.5115,1.000000e-30
15 Jun 2022 17:53:01.000,0.100,0.432995,-176.857,-162.671293,7.092945,58.835349,15.000,17.0744,19.0126,1.000000e-30
15 Jun 2022 17:53:29.324,0.100,0.432994,-207.982,-193.796199,7.092933,27.710431,15.000,-14.0505,-12.1123,3.629173e-01
16 Jun 2022 07:19:05.888,0.100,0.433004,-208.026,-193.840400,7.093136,27.666433,15.000,-14.0945,-12.1563,3.635822e-01
16 Jun 2022 07:20:05.000,0.100,0.433003,-169.189,-155.003563,7.093104,66.503237,15.000,24.7423,26.6805,1.000000e-30
16 Jun 2022 07:21:05.000,0.100,0.433001,-159.091,-144.905852,7.093065,76.600910,15.000,34.8400,36.7782,1.000000e-30
16 Jun 2022 07:22:05.000,0.100,0.432999,-159.689,-145.503631,7.093025,76.003090,15.000,34.2422,36.1804,1.000000e-30
16 Jun 2022 07:23:05.000,0.100,0.432997,-172.703,-158.517318,7.092988,62.989366,15.000,21.2285,23.1667,1.000000e-30
16 Jun 2022 07:23:55.344,0.100,0.432996,-208.099,-193.913607,7.092961,27.593051,15.000,-14.1679,-12.2297,3.646846e-01
16 Jun 2022 08:52:06.278,0.100,0.433010,-208.029,-193.843385,7.093247,27.663558,15.000,-14.0974,-12.1592,3.636255e-01
16 Jun 2022 08:53:06.000,0.100,0.433009,-151.986,-137.800358,7.093243,83.706581,15.000,41.9457,43.8839,1.000000e-30
16 Jun 2022 08:54:06.000,0.100,0.433009,-149.279,-135.093731,7.093234,86.413199,15.000,44.6523,46.5905,1.000000e-30
16 Jun 2022 08:55:06.000,0.100,0.433008,-146.883,-132.697138,7.093215,88.809774,15.000,47.0489,48.9871,1.000000e-30
16 Jun 2022 08:56:06.000,0.100,0.433006,-144.337,-130.151090,7.093171,91.355778,15.000,49.5949,51.5331,1.000000e-30
16 Jun 2022 08:57:06.000,0.100,0.433001,-142.582,-128.396939,7.093078,93.109835,15.000,51.3489,53.2871,1.000000e-30
16 Jun 2022 08:58:06.000,0.100,0.432996,-143.286,-129.100191,7.092966,92.406472,15.000,50.6456,52.5838,1.000000e-30
16 Jun 2022 08:59:06.000,0.100,0.432993,-145.663,-131.477346,7.092904,90.029254,15.000,48.2683,50.2065,1.000000e-30
16 Jun 2022 09:00:06.000,0.100,0.432991,-148.167,-133.981420,7.092877,87.525154,15.000,45.7642,47.7024,1.000000e-30
16 Jun 2022 09:01:06.000,0.100,0.432991,-150.459,-136.273248,7.092867,85.233315,15.000,43.4724,45.4106,1.000000e-30
16 Jun 2022 09:02:06.000,0.100,0.432990,-160.692,-146.506117,7.092861,75.000440,15.000,33.2395,35.1777,1.000000e-30
16 Jun 2022 09:02:37.298,0.100,0.432990,-208.153,-193.967806,7.092860,27.538750,15.000,-14.2222,-12.2840,3.654951e-01
16 Jun 2022 10:28:39.777,0.100,0.433010,-208.088,-193.902141,7.093249,27.604804,15.000,-14.1561,-12.2179,3.645086e-01
16 Jun 2022 10:29:39.000,0.100,0.433010,-152.026,-137.840904,7.093246,83.666039,15.000,41.9051,43.8433,1.000000e-30
16 Jun 2022 10:30:39.000,0.100,0.433009,-149.278,-135.092528,7.093241,86.414409,15.000,44.6535,46.5917,1.000000e-30
16 Jun 2022 10:31:39.000,0.100,0.433009,-146.764,-132.578170,7.093226,88.928753,15.000,47.1678,49.1060,1.000000e-30
16 Jun 2022 10:32:39.000,0.100,0.433007,-143.877,-129.691638,7.093191,91.815249,15.000,50.0543,51.9925,1.000000e-30
16 Jun 2022 10:33:39.000,0.100,0.433003,-141.407,-127.221869,7.093101,94.284928,15.000,52.5240,54.4622,1.000000e-30
16 Jun 2022 10:34:39.000,0.100,0.432996,-141.825,-127.639762,7.092971,93.866906,15.000,52.1060,54.0442,1.000000e-30
16 Jun 2022 10:35:39.000,0.100,0.432992,-144.573,-130.387145,7.092900,91.119451,15.000,49.3585,51.2967,1.000000e-30
16 Jun 2022 10:36:39.000,0.100,0.432991,-147.384,-133.198873,7.092874,88.307697,15.000,46.5468,48.4850,1.000000e-30
16 Jun 2022 10:37:39.000,0.100,0.432991,-149.817,-135.632031,7.092865,85.874530,15.000,44.1136,46.0518,1.000000e-30
16 Jun 2022 10:38:39.000,0.100,0.432990,-153.897,-139.711155,7.092860,81.795401,15.000,40.0345,41.9727,1.000000e-30
16 Jun 2022 10:39:26.105,0.100,0.432990,-208.155,-193.969391,7.092859,27.537164,15.000,-14.2237,-12.2855,3.655187e-01
16 Jun 2022 12:06:20.242,0.100,0.433009,-208.149,-193.963334,7.093233,27.543595,15.000,-14.2173,-12.2791,3.654229e-01
16 Jun 2022 12:07:20.000,0.100,0.433009,-152.598,-138.413022,7.093225,83.093899,15.000,41.3330,43.2712,1.000000e-30
16 Jun 2022 12:08:20.000,0.100,0.433008,-149.811,-135.625950,7.093210,85.880957,15.000,44.1200,46.0582,1.000000e-30
16 Jun 2022 12:09:20.000,0.100,0.433007,-147.920,-133.734738,7.093182,87.772140,15.000,46.0112,47.9494,1.000000e-30
16 Jun 2022 12:10:20.000,0.100,0.433004,-146.284,-132.098750,7.093132,89.408078,15.000,47.6472,49.5854,1.000000e-30
16 Jun 2022 12:11:20.000,0.100,0.433000,-145.510,-131.324132,7.093056,90.182620,15.000,48.4217,50.3599,1.000000e-30
16 Jun 2022 12:12:20.000,0.100,0.432996,-146.098,-131.912492,7.092978,89.594182,15.000,47.8333,49.7715,1.000000e-30
16 Jun 2022 12:13:20.000,0.100,0.432994,-147.654,-133.468707,7.092925,88.037914,15.000,46.2770,48.2152,1.000000e-30
16 Jun 2022 12:14:20.000,0.100,0.432992,-149.528,-135.342718,7.092896,86.163874,15.000,44.4030,46.3412,1.000000e-30
16 Jun 2022 12:15:20.000,0.100,0.432991,-151.807,-137.621146,7.092881,83.885431,15.000,42.1245,44.0627,1.000000e-30
16 Jun 2022 12:16:20.000,0.100,0.432991,-192.243,-178.057564,7.092873,43.449005,15.000,1.6881,3.6263,1.589712e-02
16 Jun 2022 12:16:28.575,0.100,0.432991,-208.147,-193.961272,7.092872,27.545296,15.000,-14.2156,-12.2774,3.653976e-01
16 Jun 2022 13:43:39.743,0.100,0.433009,-208.169,-193.983997,7.093242,27.522941,15.000,-14.2380,-12.2998,3.657302e-01
16 Jun 2022 13:44:39.000,0.100,0.433009,-152.361,-138.175469,7.093237,83.331464,15.000,41.5706,43.5088,1.000000e-30
16 Jun 2022 13:45:39.000,0.100,0.433009,-149.586,-135.401055,7.093225,86.105867,15.000,44.3450,46.2832,1.000000e-30
16 Jun 2022 13:46:39.000,0.100,0.433008,-147.398,-133.212132,7.093204,88.294769,15.000,46.5339,48.4721,1.000000e-30
16 Jun 2022 13:47:39.000,0.100,0.433005,-145.215,-131.029371,7.093160,90.477485,15.000,48.7166,50.6548,1.000000e-30
16 Jun 2022 13:48:39.000,0.100,0.433001,-143.802,-129.616855,7.093076,91.889918,15.000,50.1290,52.0672,1.000000e-30
16 Jun 2022 13:49:39.000,0.100,0.432996,-144.282,-130.096180,7.092979,91.410496,15.000,49.6496,51.5878,1.000000e-30
16 Jun 2022 13:50:39.000,0.100,0.432993,-146.208,-132.022096,7.092917,89.484518,15.000,47.7236,49.6618,1.000000e-30
16 Jun 2022 13:51:39.000,0.100,0.432992,-148.437,-134.251413,7.092887,87.255170,15.000,45.4943,47.4325,1.000000e-30
16 Jun 2022 13:52:39.000,0.100,0.432991,-150.597,-136.411945,7.092873,85.094624,15.000,43.3337,45.2719,1.000000e-30
16 Jun 2022 13:53:39.000,0.100,0.432991,-162.760,-148.574511,7.092867,72.932053,15.000,31.1711,33.1093,1.000000e-30
16 Jun 2022 13:54:08.175,0.100,0.432991,-208.093,-193.907667,7.092865,27.598894,15.000,-14.1620,-12.2238,3.645971e-01
16 Jun 2022 15:20:26.796,0.100,0.433010,-208.169,-193.983754,7.093253,27.523195,15.000,-14.2377,-12.2995,3.657264e-01
16 Jun 2022 15:21:26.000,0.100,0.433010,-151.957,-137.771575,7.093253,83.735374,15.000,41.9745,43.9127,1.000000e-30
16 Jun 2022 15:22:26.000,0.100,0.433010,-149.172,-134.986890,7.093250,86.520057,15.000,44.7591,46.6973,1.000000e-30
16 Jun 2022 15:23:26.000,0.100,0.433009,-146.431,-132.245131,7.093244,89.261809,15.000,47.5009,49.4391,1.000000e-30
16 Jun 2022 15:24:26.000,0.100,0.433008,-142.910,-128.724871,7.093222,92.782047,15.000,51.0211,52.9593,1.000000e-30
16 Jun 2022 15:25:26.000,0.100,0.433004,-138.856,-124.671054,7.093138,96.835781,15.000,55.0749,57.0131,1.000000e-30
16 Jun 2022 15:26:26.000,0.100,0.432995,-138.966,-124.780415,7.092957,96.726239,15.000,54.9653,56.9035,1.000000e-30
16 Jun 2022 15:27:26.000,0.100,0.432991,-143.041,-128.855939,7.092881,92.650639,15.000,50.8897,52.8279,1.000000e-30
16 Jun 2022 15:28:26.000,0.100,0.432990,-146.533,-132.347198,7.092863,89.159361,15.000,47.3984,49.3366,1.000000e-30
16 Jun 2022 15:29:26.000,0.100,0.432990,-149.260,-135.074277,7.092857,86.432276,15.000,44.6714,46.6096,1.000000e-30
16 Jun 2022 15:30:26.000,0.100,0.432990,-152.364,-138.178421,7.092854,83.328130,15.000,41.5672,43.5054,1.000000e-30
16 Jun 2022 15:31:19.844,0.100,0.432990,-208.008,-193.822959,7.092854,27.683591,15.000,-14.0773,-12.1391,3.633232e-01
16 Jun 2022 16:57:50.971,0.100,0.433008,-208.128,-193.942342,7.093208,27.564562,15.000,-14.1964,-12.2582,3.651104e-01
16 Jun 2022 16:58:50.000,0.100,0.433007,-154.447,-140.261455,7.093190,81.245431,15.000,39.4845,41.4227,1.000000e-30
16 Jun 2022 16:59:50.000,0.100,0.433005,-150.667,-136.481829,7.093161,85.025028,15.000,43.2641,45.2023,1.000000e-30
16 Jun 2022 17:00:50.000,0.100,0.433003,-149.560,-135.374221,7.093119,86.132594,15.000,44.3717,46.3099,1.000000e-30
16 Jun 2022 17:01:50.000,0.100,0.433001,-149.019,-134.833555,7.093065,86.673206,15.000,44.9123,46.8505,1.000000e-30
16 Jun 2022 17:02:50.000,0.100,0.432998,-149.186,-135.000803,7.093008,86.505902,15.000,44.7450,46.6832,1.000000e-30
16 Jun 2022 17:03:50.000,0.100,0.432996,-150.011,-135.825928,7.092961,85.680729,15.000,43.9198,45.8580,1.000000e-30
16 Jun 2022 17:04:50.000,0.100,0.432994,-151.548,-137.362275,7.092927,84.144348,15.000,42.3834,44.3216,1.000000e-30
16 Jun 2022 17:05:50.000,0.100,0.432993,-169.632,-155.446665,7.092904,66.059935,15.000,24.2990,26.2372,1.000000e-30
16 Jun 2022 17:06:17.473,0.100,0.432992,-207.977,-193.791384,7.092897,27.715209,15.000,-14.0457,-12.1075,3.628449e-01
17 Jun 2022 08:04:04.982,0.100,0.433009,-208.020,-193.834142,7.093235,27.672789,15.000,-14.0881,-12.1499,3.634863e-01
17 Jun 2022 08:05:04.000,0.100,0.433009,-152.496,-138.310318,7.093226,83.196604,15.000,41.4357,43.3739,1.000000e-30
17 Jun 2022 08:06:04.000,0.100,0.433008,-149.699,-135.513488,7.093210,85.993418,15.000,44.2325,46.1707,1.000000e-30
17 Jun 2022 08:07:04.000,0.100,0.433006,-147.801,-133.615470,7.093179,87.891406,15.000,46.1305,48.0687,1.000000e-30
17 Jun 2022 08:08:04.000,0.100,0.433004,-146.212,-132.026381,7.093125,89.480440,15.000,47.7195,49.6577,1.000000e-30
17 Jun 2022 08:09:04.000,0.100,0.433000,-145.579,-131.393303,7.093046,90.113439,15.000,48.3525,50.2907,1.000000e-30
17 Jun 2022 08:10:04.000,0.100,0.432996,-146.327,-132.141706,7.092969,89.364959,15.000,47.6040,49.5422,1.000000e-30
17 Jun 2022 08:11:04.000,0.100,0.432993,-147.965,-133.780010,7.092919,87.726605,15.000,45.9657,47.9039,1.000000e-30
17 Jun 2022 08:12:04.000,0.100,0.432992,-149.873,-135.687728,7.092891,85.818860,15.000,44.0579,45.9961,1.000000e-30
17 Jun 2022 08:13:04.000,0.100,0.432991,-152.928,-138.742605,7.092877,82.763969,15.000,41.0031,42.9413,1.000000e-30
17 Jun 2022 08:14:00.717,0.100,0.432991,-208.151,-193.965230,7.092870,27.541337,15.000,-14.2196,-12.2814,3.654566e-01
17 Jun 2022 09:40:04.097,0.100,0.433010,-208.071,-193.885738,7.093252,27.621211,15.000,-14.1397,-12.2015,3.642625e-01
17 Jun 2022 09:41:04.000,0.100,0.433010,-151.841,-137.655311,7.093251,83.851636,15.000,42.0907,44.0289,1.000000e-30
17 Jun 2022 09:42:04.000,0.100,0.433010,-149.112,-134.926807,7.093248,86.580137,15.000,44.8192,46.7574,1.000000e-30
17 Jun 2022 09:43:04.000,0.100,0.433009,-146.407,-132.221463,7.093239,89.285473,15.000,47.5246,49.4628,1.000000e-30
17 Jun 2022 09:44:04.000,0.100,0.433008,-143.020,-128.834584,7.093213,92.672325,15.000,50.9114,52.8496,1.000000e-30
17 Jun 2022 09:45:04.000,0.100,0.433004,-139.461,-125.275179,7.093123,96.231641,15.000,54.4707,56.4089,1.000000e-30
17 Jun 2022 09:46:04.000,0.100,0.432995,-139.826,-125.640232,7.092959,95.866423,15.000,54.1055,56.0437,1.000000e-30
17 Jun 2022 09:47:04.000,0.100,0.432992,-143.502,-129.316140,7.092886,92.190442,15.000,50.4295,52.3677,1.000000e-30
17 Jun 2022 09:48:04.000,0.100,0.432991,-146.789,-132.604008,7.092866,88.902554,15.000,47.1416,49.0798,1.000000e-30
17 Jun 2022 09:49:04.000,0.100,0.432990,-149.425,-135.239775,7.092859,86.266780,15.000,44.5059,46.4441,1.000000e-30
17 Jun 2022 09:50:04.000,0.100,0.432990,-152.521,-138.335415,7.092856,83.171138,15.000,41.4102,43.3484,1.000000e-30
17 Jun 2022 09:50:58.346,0.100,0.432990,-208.162,-193.976093,7.092855,27.530459,15.000,-14.2305,-12.2923,3.656184e-01
17 Jun 2022 11:17:36.941,0.100,0.433009,-208.145,-193.959442,7.093237,27.547491,15.000,-14.2134,-12.2752,3.653649e-01
17 Jun 2022 11:18:36.000,0.100,0.433009,-152.562,-138.376511,7.093228,83.130414,15.000,41.3695,43.3077,1.000000e-30
17 Jun 2022 11:19:36.000,0.100,0.433008,-149.748,-135.562464,7.093215,85.944447,15.000,44.1835,46.1217,1.000000e-30
17 Jun 2022 11:20:36.000,0.100,0.433007,-147.769,-133.583379,7.093189,87.923506,15.000,46.1626,48.1008,1.000000e-30
17 Jun 2022 11:21:36.000,0.100,0.433004,-145.982,-131.796337,7.093140,89.710499,15.000,47.9496,49.8878,1.000000e-30
17 Jun 2022 11:22:36.000,0.100,0.433001,-145.045,-130.859886,7.093061,90.646871,15.000,48.8860,50.8242,1.000000e-30
17 Jun 2022 11:23:36.000,0.100,0.432996,-145.603,-131.417967,7.092979,90.088708,15.000,48.3278,50.2660,1.000000e-30
17 Jun 2022 11:24:36.000,0.100,0.432994,-147.244,-133.058315,7.092924,88.448305,15.000,46.6874,48.6256,1.000000e-30
17 Jun 2022 11:25:36.000,0.100,0.432992,-149.203,-135.017728,7.092894,86.488862,15.000,44.7279,46.6661,1.000000e-30
17 Jun 2022 11:26:36.000,0.100,0.432991,-151.313,-137.127179,7.092879,84.379396,15.000,42.6185,44.5567,1.000000e-30
17 Jun 2022 11:27:36.000,0.100,0.432991,-179.407,-165.221069,7.092871,56.285498,15.000,14.5246,16.4628,2.447823e-21
17 Jun 2022 11:27:51.921,0.100,0.432991,-208.153,-193.967289,7.092871,27.539278,15.000,-14.2216,-12.2834,3.654872e-01
17 Jun 2022 12:55:07.094,0.100,0.433009,-208.167,-193.981961,7.093238,27.524973,15.000,-14.2359,-12.2977,3.657000e-01
17 Jun 2022 12:56:07.000,0.100,0.433009,-152.457,-138.271583,7.093230,83.235343,15.000,41.4744,43.4126,1.000000e-30
17 Jun 2022 12:57:07.000,0.100,0.433008,-149.705,-135.519881,7.093217,85.987032,15.000,44.2261,46.1643,1.000000e-30
17 Jun 2022 12:58:07.000,0.100,0.433007,-147.683,-133.497575,7.093192,88.009313,15.000,46.2484,48.1866,1.000000e-30
17 Jun 2022 12:59:07.000,0.100,0.433005,-145.819,-131.633203,7.093144,89.873637,15.000,48.1127,50.0509,1.000000e-30
17 Jun 2022 13:00:07.000,0.100,0.433001,-144.799,-130.613164,7.093064,90.893596,15.000,49.1327,51.0709,1.000000e-30
17 Jun 2022 13:01:07.000,0.100,0.432996,-145.348,-131.162185,7.092979,90.344491,15.000,48.5836,50.5218,1.000000e-30
17 Jun 2022 13:02:07.000,0.100,0.432994,-147.041,-132.855654,7.092922,88.650965,15.000,46.8901,48.8283,1.000000e-30
17 Jun 2022 13:03:07.000,0.100,0.432992,-149.052,-134.866280,7.092893,86.640309,15.000,44.8794,46.8176,1.000000e-30
17 Jun 2022 13:04:07.000,0.100,0.432991,-151.155,-136.969558,7.092878,84.537016,15.000,42.7761,44.7143,1.000000e-30
17 Jun 2022 13:05:07.000,0.100,0.432991,-176.397,-162.211509,7.092871,59.295058,15.000,17.5341,19.4723,1.000000e-30
17 Jun 2022 13:05:24.721,0.100,0.432991,-208.105,-193.919435,7.092869,27.587131,15.000,-14.1738,-12.2356,3.647732e-01
17 Jun 2022 14:31:58.657,0.100,0.433010,-208.167,-193.981836,7.093253,27.525113,15.000,-14.2358,-12.2976,3.656979e-01
17 Jun 2022 14:32:58.000,0.100,0.433010,-151.965,-137.779558,7.093252,83.727391,15.000,41.9665,43.9047,1.000000e-30
17 Jun 2022 14:33:58.000,0.100,0.433010,-149.189,-135.003948,7.093250,86.502998,15.000,44.7421,46.6803,1.000000e-30
17 Jun 2022 14:34:58.000,0.100,0.433009,-146.467,-132.281912,7.093243,89.225027,15.000,47.4641,49.4023,1.000000e-30
17 Jun 2022 14:35:58.000,0.100,0.433008,-142.993,-128.807548,7.093220,92.699369,15.000,50.9385,52.8767,1.000000e-30
17 Jun 2022 14:36:58.000,0.100,0.433004,-139.039,-124.853347,7.093137,96.653487,15.000,54.8926,56.8308,1.000000e-30
17 Jun 2022 14:37:58.000,0.100,0.432996,-139.094,-124.908849,7.092961,96.597808,15.000,54.8369,56.7751,1.000000e-30
17 Jun 2022 14:38:58.000,0.100,0.432992,-143.062,-128.876342,7.092883,92.630237,15.000,50.8693,52.8075,1.000000e-30
17 Jun 2022 14:39:58.000,0.100,0.432991,-146.523,-132.337211,7.092864,89.169349,15.000,47.4084,49.3466,1.000000e-30
17 Jun 2022 14:40:58.000,0.100,0.432990,-149.239,-135.053892,7.092857,86.452662,15.000,44.6917,46.6299,1.000000e-30
17 Jun 2022 14:41:58.000,0.100,0.432990,-152.251,-138.066047,7.092855,83.440504,15.000,41.6796,43.6178,1.000000e-30
17 Jun 2022 14:42:53.074,0.100,0.432990,-208.027,-193.841326,7.092854,27.665225,15.000,-14.0957,-12.1575,3.636004e-01
17 Jun 2022 16:09:01.336,0.100,0.433009,-208.149,-193.963200,7.093230,27.543726,15.000,-14.2172,-12.2790,3.654210e-01
17 Jun 2022 16:10:01.000,0.100,0.433008,-152.810,-138.624532,7.093220,82.882384,15.000,41.1215,43.0597,1.000000e-30
17 Jun 2022 16:11:01.000,0.100,0.433007,-149.940,-135.755033,7.093201,85.751864,15.000,43.9910,45.9292,1.000000e-30
17 Jun 2022 16:12:01.000,0.100,0.433006,-148.228,-134.043001,7.093167,87.463862,15.000,45.7029,47.6411,1.000000e-30
17 Jun 2022 16:13:01.000,0.100,0.433003,-146.919,-132.733367,7.093112,88.773441,15.000,47.0125,48.9507,1.000000e-30
17 Jun 2022 16:14:01.000,0.100,0.432999,-146.515,-132.329738,7.093038,89.176996,15.000,47.4161,49.3543,1.000000e-30
17 Jun 2022 16:15:01.000,0.100,0.432996,-147.251,-133.065782,7.092969,88.440883,15.000,46.6800,48.6182,1.000000e-30
17 Jun 2022 16:16:01.000,0.100,0.432994,-148.731,-134.545302,7.092923,86.961317,15.000,45.2004,47.1386,1.000000e-30
17 Jun 2022 16:17:01.000,0.100,0.432992,-150.518,-136.332542,7.092896,85.174050,15.000,43.4131,45.3513,1.000000e-30
17 Jun 2022 16:18:01.000,0.100,0.432991,-158.761,-144.575695,7.092881,76.930882,15.000,35.1700,37.1082,1.000000e-30
17 Jun 2022 16:18:38.298,0.100,0.432991,-207.970,-193.784092,7.092875,27.722480,15.000,-14.0384,-12.1002,3.627347e-01
18 Jun 2022 07:16:19.072,0.100,0.433008,-208.011,-193.825186,7.093215,27.681726,15.000,-14.0792,-12.1410,3.633514e-01
18 Jun 2022 07:17:19.000,0.100,0.433007,-153.448,-139.262985,7.093199,82.243910,15.000,40.4830,42.4212,1.000000e-30
18 Jun 2022 07:18:19.000,0.100,0.433006,-150.310,-136.124439,7.093173,85.382430,15.000,43.6215,45.5597,1.000000e-30
18 Jun 2022 07:19:19.000,0.100,0.433004,-149.019,-134.833683,7.093133,86.673146,15.000,44.9122,46.8504,1.000000e-30
18 Jun 2022 07:20:19.000,0.100,0.433001,-148.277,-134.091120,7.093077,87.415653,15.000,45.6547,47.5929,1.000000e-30
18 Jun 2022 07:21:19.000,0.100,0.432998,-148.323,-134.137440,7.093015,87.369272,15.000,45.6084,47.5466,1.000000e-30
18 Jun 2022 07:22:19.000,0.100,0.432996,-149.139,-134.953924,7.092962,86.552734,15.000,44.7918,46.7300,1.000000e-30
18 Jun 2022 07:23:19.000,0.100,0.432994,-150.475,-136.289152,7.092925,85.217469,15.000,43.4566,45.3948,1.000000e-30
18 Jun 2022 07:24:19.000,0.100,0.432992,-154.167,-139.981498,7.092901,81.525099,15.000,39.7642,41.7024,1.000000e-30
18 Jun 2022 07:25:15.516,0.100,0.432992,-208.138,-193.952682,7.092887,27.553901,15.000,-14.2070,-12.2688,3.652694e-01
18 Jun 2022 08:51:34.656,0.100,0.433010,-208.064,-193.878840,7.093253,27.628110,15.000,-14.1328,-12.1946,3.641589e-01
18 Jun 2022 08:52:34.000,0.100,0.433010,-151.834,-137.648818,7.093253,83.858131,15.000,42.0972,44.0354,1.000000e-30
18 Jun 2022 08:53:34.000,0.100,0.433010,-149.073,-134.887406,7.093251,86.619541,15.000,44.8586,46.7968,1.000000e-30
18 Jun 2022 08:54:34.000,0.100,0.433010,-146.296,-132.110325,7.093244,89.396616,15.000,47.6357,49.5739,1.000000e-30
18 Jun 2022 08:55:34.000,0.100,0.433008,-142.698,-128.512354,7.093222,92.994564,15.000,51.2337,53.1719,1.000000e-30
18 Jun 2022 08:56:34.000,0.100,0.433004,-138.519,-124.333748,7.093136,97.173085,15.000,55.4122,57.3504,1.000000e-30
18 Jun 2022 08:57:34.000,0.100,0.432995,-138.825,-124.639618,7.092951,96.867030,15.000,55.1061,57.0443,1.000000e-30
18 Jun 2022 08:58:34.000,0.100,0.432991,-143.051,-128.865208,7.092879,92.641367,15.000,50.8805,52.8187,1.000000e-30
18 Jun 2022 08:59:34.000,0.100,0.432990,-146.562,-132.376699,7.092862,89.129859,15.000,47.3689,49.3071,1.000000e-30
18 Jun 2022 09:00:34.000,0.100,0.432990,-149.286,-135.100090,7.092856,86.406462,15.000,44.6455,46.5838,1.000000e-30
18 Jun 2022 09:01:34.000,0.100,0.432990,-152.209,-138.023823,7.092854,83.482728,15.000,41.7218,43.6600,1.000000e-30
18 Jun 2022 09:02:30.613,0.100,0.432990,-208.154,-193.968813,7.092854,27.537737,15.000,-14.2232,-12.2850,3.655101e-01
18 Jun 2022 10:28:53.097,0.100,0.433009,-208.125,-193.939676,7.093240,27.567261,15.000,-14.1937,-12.2555,3.650701e-01
18 Jun 2022 10:29:53.000,0.100,0.433009,-152.299,-138.114025,7.093235,83.392906,15.000,41.6320,43.5702,1.000000e-30
18 Jun 2022 10:30:53.000,0.100,0.433008,-149.581,-135.395382,7.093222,86.111537,15.000,44.3506,46.2888,1.000000e-30
18 Jun 2022 10:31:53.000,0.100,0.433007,-147.452,-133.266191,7.093199,88.240704,15.000,46.4798,48.4180,1.000000e-30
18 Jun 2022 10:32:53.000,0.100,0.433005,-145.399,-131.213487,7.093152,90.293362,15.000,48.5324,50.4706,1.000000e-30
18 Jun 2022 10:33:53.000,0.100,0.433001,-144.179,-129.993653,7.093069,91.513113,15.000,49.7522,51.6904,1.000000e-30
18 Jun 2022 10:34:53.000,0.100,0.432996,-144.730,-130.544693,7.092978,90.961981,15.000,49.2011,51.1393,1.000000e-30
18 Jun 2022 10:35:53.000,0.100,0.432993,-146.575,-132.389801,7.092918,89.116814,15.000,47.3559,49.2941,1.000000e-30
18 Jun 2022 10:36:53.000,0.100,0.432992,-148.714,-134.528497,7.092889,86.978088,15.000,45.2172,47.1554,1.000000e-30
18 Jun 2022 10:37:53.000,0.100,0.432991,-150.827,-136.641534,7.092875,84.865037,15.000,43.1041,45.0423,1.000000e-30
18 Jun 2022 10:38:53.000,0.100,0.432991,-166.562,-152.376102,7.092869,69.130463,15.000,27.3696,29.3078,1.000000e-30
18 Jun 2022 10:39:18.451,0.100,0.432991,-208.160,-193.974524,7.092867,27.532039,15.000,-14.2289,-12.2907,3.655949e-01
18 Jun 2022 12:06:31.329,0.100,0.433009,-208.171,-193.985811,7.093234,27.521119,15.000,-14.2398,-12.3016,3.657573e-01
18 Jun 2022 12:07:31.000,0.100,0.433009,-152.606,-138.420730,7.093226,83.086192,15.000,41.3253,43.2635,1.000000e-30
18 Jun 2022 12:08:31.000,0.100,0.433008,-149.811,-135.625066,7.093211,85.881841,15.000,44.1209,46.0591,1.000000e-30
18 Jun 2022 12:09:31.000,0.100,0.433007,-147.897,-133.711809,7.093184,87.795072,15.000,46.0342,47.9724,1.000000e-30
18 Jun 2022 12:10:31.000,0.100,0.433004,-146.220,-132.034617,7.093134,89.472214,15.000,47.7113,49.6495,1.000000e-30
18 Jun 2022 12:11:31.000,0.100,0.433000,-145.396,-131.210270,7.093058,90.296484,15.000,48.5356,50.4738,1.000000e-30
18 Jun 2022 12:12:31.000,0.100,0.432996,-145.965,-131.779831,7.092979,89.726844,15.000,47.9659,49.9041,1.000000e-30
18 Jun 2022 12:13:31.000,0.100,0.432994,-147.537,-133.351192,7.092925,88.155430,15.000,46.3945,48.3327,1.000000e-30
18 Jun 2022 12:14:31.000,0.100,0.432992,-149.431,-135.245553,7.092896,86.261039,15.000,44.5001,46.4383,1.000000e-30
18 Jun 2022 12:15:31.000,0.100,0.432991,-151.650,-137.464889,7.092880,84.041688,15.000,42.2808,44.2190,1.000000e-30
18 Jun 2022 12:16:31.000,0.100,0.432991,-189.042,-174.856831,7.092872,46.649737,15.000,4.8888,6.8270,9.558964e-04
18 Jun 2022 12:16:41.278,0.100,0.432991,-208.127,-193.941376,7.092872,27.565193,15.000,-14.1957,-12.2575,3.651009e-01
18 Jun 2022 13:43:30.893,0.100,0.433010,-208.180,-193.994217,7.093250,27.512729,15.000,-14.2482,-12.3100,3.658819e-01
18 Jun 2022 13:44:30.000,0.100,0.433010,-152.085,-137.899779,7.093248,83.607165,15.000,41.8463,43.7845,1.000000e-30
18 Jun 2022 13:45:30.000,0.100,0.433009,-149.308,-135.122798,7.093244,86.384142,15.000,44.6232,46.5614,1.000000e-30
18 Jun 2022 13:46:30.000,0.100,0.433009,-146.741,-132.555682,7.093231,88.951246,15.000,47.1903,49.1285,1.000000e-30
18 Jun 2022 13:47:30.000,0.100,0.433007,-143.692,-129.506698,7.093201,92.000199,15.000,50.2393,52.1775,1.000000e-30
18 Jun 2022 13:48:30.000,0.100,0.433003,-140.814,-126.628708,7.093114,94.878102,15.000,53.1172,55.0554,1.000000e-30
18 Jun 2022 13:49:30.000,0.100,0.432996,-141.045,-126.859107,7.092972,94.647561,15.000,52.8866,54.8248,1.000000e-30
18 Jun 2022 13:50:30.000,0.100,0.432992,-144.049,-129.863474,7.092897,91.643119,15.000,49.8822,51.8204,1.000000e-30
18 Jun 2022 13:51:30.000,0.100,0.432991,-147.050,-132.864168,7.092872,88.642401,15.000,46.8815,48.8197,1.000000e-30
18 Jun 2022 13:52:30.000,0.100,0.432990,-149.578,-135.392098,7.092863,86.114461,15.000,44.3535,46.2917,1.000000e-30
18 Jun 2022 13:53:30.000,0.100,0.432990,-153.193,-139.007969,7.092859,82.498586,15.000,40.7377,42.6759,1.000000e-30
18 Jun 2022 13:54:19.497,0.100,0.432990,-208.053,-193.867863,7.092857,27.638690,15.000,-14.1222,-12.1840,3.639999e-01
18 Jun 2022 15:20:22.195,0.100,0.433010,-208.160,-193.974292,7.093244,27.532648,15.000,-14.2283,-12.2901,3.655859e-01
18 Jun 2022 15:21:22.000,0.100,0.433009,-152.214,-138.028858,7.093239,83.478077,15.000,41.7172,43.6554,1.000000e-30
18 Jun 2022 15:22:22.000,0.100,0.433009,-149.482,-135.296611,7.093228,86.210314,15.000,44.4494,46.3876,1.000000e-30
18 Jun 2022 15:23:22.000,0.100,0.433008,-147.240,-133.054390,7.093206,88.452513,15.000,46.6916,48.6298,1.000000e-30
18 Jun 2022 15:24:22.000,0.100,0.433005,-145.004,-130.818503,7.093159,90.688352,15.000,48.9274,50.8656,1.000000e-30
18 Jun 2022 15:25:22.000,0.100,0.433001,-143.627,-129.441210,7.093071,92.065557,15.000,50.3046,52.2428,1.000000e-30
18 Jun 2022 15:26:22.000,0.100,0.432996,-144.271,-130.085220,7.092971,91.421448,15.000,49.6605,51.5987,1.000000e-30
18 Jun 2022 15:27:22.000,0.100,0.432993,-146.322,-132.136659,7.092911,89.369948,15.000,47.6090,49.5472,1.000000e-30
18 Jun 2022 15:28:22.000,0.100,0.432992,-148.604,-134.418912,7.092883,87.087667,15.000,45.3268,47.2650,1.000000e-30
18 Jun 2022 15:29:22.000,0.100,0.432991,-150.811,-136.625861,7.092870,84.880705,15.000,43.1198,45.0580,1.000000e-30
18 Jun 2022 15:30:22.000,0.100,0.432991,-172.214,-158.028665,7.092864,63.477895,15.000,21.7170,23.6552,1.000000e-30
18 Jun 2022 15:30:41.899,0.100,0.432991,-207.978,-193.792761,7.092863,27.713799,15.000,-14.0471,-12.1089,3.628663e-01

